idx,word,label,pred,correct,layer_centroid,frac_shallow,frac_deep,pivot_share,ctx_pivot_ratio,tok_entropy,sent2_frac,signed_polarity,parsed
0,field,1,1,True,0.33867502173576186,0.6409941754809714,0.04347321235170739,0.06807700055541739,13.491075060460137,0.9281296880695538,0.8056441742007834,0.46057816412657915,True
3,use,0,1,False,0.34065397470183884,0.6282592381849974,0.05044576464391357,0.055865948829372715,16.602801335532416,0.9429364329053919,0.814956009585907,0.6379204878344118,True
6,tendency,1,0,False,0.3537304728650539,0.6112009756156292,0.039147932219003534,0.06120921340501956,15.090864121410528,0.9332444227777467,0.7523769301886777,0.4106890022189293,True
9,give,0,0,True,0.3240077519569129,0.6464155520810401,0.026074747559361223,0.10165194300464236,8.751398470409182,0.9337180137817052,0.6684419693830997,0.20393085716806558,True
12,have,0,1,False,0.35444642451273317,0.5945598732436002,0.056773775146005,0.09938253401314409,8.971854265692565,0.9322264917455451,0.7498337938669084,0.575018876927204,True
15,winnow,0,None,False,0.32733707191971373,0.6681580568399353,0.05132144162075985,0.0,1000.0,0.9697189610362875,0.7385406548249177,0.535474107780943,False
18,pick,1,1,True,0.2917911637950255,0.7203152282142542,0.03482030556108764,0.10602819768521587,8.35267547851337,0.9741071163081626,0.7569218416776469,-0.1792248000061753,True
21,follow,0,0,True,0.3180776486356415,0.6645379498699103,0.03524417552205894,0.08651267520923923,10.438343046954625,0.940695380356783,0.6725629749306469,0.6867001224376318,True
24,pass,0,1,False,0.30107778345446007,0.6845340970453795,0.03166223337499305,0.054434186873753204,17.057448957981382,0.962176390413024,0.7478044323157892,0.514718006228862,True
27,answer,1,1,True,0.3442591010485091,0.6281596101161974,0.05125567065819147,0.08845672503479117,10.189768009176447,0.9304234231211579,0.6973742092881862,0.6658549473107208,True
30,reseat,1,1,True,0.29257130724542624,0.7099375511677772,0.029481768912152626,0.0,1000.0,0.948947826973513,0.8343039608045847,0.15936357393300796,True
33,normalize,1,1,True,0.3636109935318219,0.587129539810799,0.06955692720426984,0.0,1000.0,0.9094994331126306,0.8078422491825115,0.45494357353677456,True
36,head,0,0,True,0.3279945316624992,0.6261195562804154,0.05195646603682268,0.09210184330851903,9.751666824499985,0.9121119239849679,0.736095874727089,0.35019671130487806,True
39,take,0,0,True,0.33384117219954784,0.6298798425101723,0.03687808869643143,0.12990729228284584,6.646632838735842,0.9318304128217761,0.6534362414779771,0.7011121886387485,True
42,air,0,0,True,0.32399153699684013,0.6444246960381839,0.03512833688761203,0.11201867151662397,7.856943605577265,0.9546807199121732,0.6380708260912643,0.5797059182143465,True
45,make,0,1,False,0.3651522786406858,0.5927499213120636,0.05667659237975016,0.05389500603893524,17.234809907663063,0.9505359451835547,0.8535037669503082,0.6721052450737062,True
48,confidence,0,0,True,0.36907717132155937,0.5852749331550885,0.046112195295734903,0.12168981550336082,7.158786415100444,0.9342210463524128,0.7303080374915513,0.7025726347841659,True
51,agonist,1,1,True,0.2951977901197698,0.6862138370102288,0.030720082516914347,0.02385984484735923,39.26573802637117,0.9359672790422165,0.7141681128095253,0.4782451033723652,True
54,ream,0,1,False,0.3342514757690037,0.632866947856899,0.04144589723019728,0.12643004406207664,6.8552903859341825,0.9169027334837458,0.8314696576853656,0.30909828634554015,True
57,shed,1,1,True,0.3352730226666321,0.6325704635429034,0.046618966594269715,0.14134973547596882,6.0319765375959316,0.933467179590191,0.7833408126249364,0.28766863458468866,True
60,speck,1,1,True,0.34797521570639645,0.5980614479307629,0.05094913339426836,0.0,1000.0,0.9231987383730048,0.7184814118788369,0.6536699400653764,True
63,counterfeit,1,1,True,0.3761229097726128,0.58632382497529,0.07285008075880105,0.03940297151969491,23.7754054305647,0.9548997628216777,0.6689047244043062,0.616760481584885,True
66,fall,0,1,False,0.33458320936810626,0.6406301993064266,0.03737703758502913,0.054495952032275745,17.037351614723736,0.9509326279544,0.7974342265502393,0.6393564938796332,True
69,see,1,1,True,0.34093771097402004,0.6488235530633693,0.03794641409544028,0.06524442363550921,14.110705853638535,0.943476174125862,0.8416202260782992,0.47962096128107895,True
72,make,1,1,True,0.3493202567311179,0.5982019357082153,0.04345790857714449,0.09306857201984021,9.64117354506962,0.9536847496748119,0.7463026568338216,0.5477627976950372,True
75,softness,0,0,True,0.33815299875660315,0.6483930068823053,0.03411378981886878,0.0,1000.0,0.9094266238859328,0.7881523625619198,0.7135090179284235,True
78,translate,1,0,False,0.31942077888562925,0.6628600101103277,0.028490410959368266,0.032956199361490794,28.479153109673952,0.9354885335957637,0.6495368568548965,0.1537533949003634,True
81,accept,0,1,False,0.339572658796067,0.6321443163276631,0.04529817852364348,0.0937178857678478,9.568225756785122,0.9378256736662024,0.756526201104217,0.586440857299322,True
84,move,0,1,False,0.34776607413574656,0.6015824417981407,0.05817897261082054,0.09709647154370515,9.204240624027156,0.9550333351919025,0.7879129972063984,0.6160322342918191,True
87,shortness,1,0,False,0.37051794552884754,0.5808969110014068,0.0483707477132353,0.0,1000.0,0.9244392476745434,0.7658515919623796,0.765556501876662,True
90,shag,0,0,True,0.2758775673196915,0.731893843494724,0.02570082973159687,0.0,1000.0,0.9288077142753656,0.7465260771827537,0.49505741285627264,True
93,halt,1,1,True,0.3303500458307686,0.6273354399509704,0.03609104004013069,0.0,1000.0,0.9426424235517099,0.7040956365727974,0.1922204504193425,True
96,carry,0,0,True,0.3353651732656829,0.6485804045586788,0.040275363140841305,0.08646336438866507,10.444791850812063,0.9548395571737238,0.7556000445375285,0.5076198855476415,True
99,poise,1,0,False,0.3683454756993044,0.5869713719630636,0.059483128156381154,0.0,1000.0,0.943785120947573,0.656563345689452,0.6666119455037169,True
102,develop,0,0,True,0.30502105127499146,0.6601826385922256,0.033477683191185666,0.1239909548885747,7.008579507952063,0.940386230999624,0.7222167797384755,0.46300206999676474,True
105,work,0,0,True,0.34969614895675566,0.5880287980247069,0.04096039846356965,0.055851744418064085,16.60719939636438,0.942646365464439,0.7435653993991209,0.48505868769524146,True
108,formation,1,1,True,0.3613611772062572,0.5938558884574862,0.05130295829963012,0.1262662817091405,6.8653983329828545,0.9377452203353691,0.8216294835873296,0.8118056556298896,True
111,pay,0,1,False,0.28651647192915736,0.7104548299164634,0.0439978445125995,0.08733203035632303,10.332242630018364,0.9372203022324254,0.6437979022289962,0.2217165716855273,True
114,patch,1,1,True,0.35554254552033054,0.6150887885795848,0.050782800934235775,0.07157567569373098,12.792499903469247,0.9381165161626687,0.7614087555500356,0.8028843070159118,True
117,tumble,0,None,False,0.30991073211829706,0.68264621931304,0.04883121880446682,0.07415503322141483,12.319134555512019,0.9431829541541686,0.709617622850849,0.4966121285719625,False
120,classify,1,None,False,0.3708006817424728,0.6007672605887137,0.055974647216607915,0.06046500823831352,15.285688860870238,0.9098241071134167,0.6671857606554662,0.6225511771372506,False
123,build,0,0,True,0.32937621803450134,0.6309160237747419,0.04124774869349028,0.056567044848643395,16.388420799293282,0.9435202086957919,0.797183387318893,0.6061102884590851,True
126,respect,0,1,False,0.3006483183814639,0.6843368873381445,0.04672855288275754,0.06598335075171458,13.94401203831054,0.9344016945559389,0.5458893300584836,0.3411825491397407,True
129,put,1,0,False,0.345171106217888,0.6311896071763288,0.05198010073702671,0.22401681563426432,3.4485564208987642,0.9164207622438458,0.7600747709924215,0.6781553815389708,True
132,pack,0,1,False,0.3540513003341762,0.6187628955556499,0.043515716654047104,0.11448362180269987,7.667895796602023,0.9325326889573082,0.6479437928741745,0.5222158295575897,True
135,say,1,1,True,0.35062471195815986,0.608871497423472,0.040923160404542906,0.06787320411338352,13.533954284340963,0.9494256419727797,0.5913977532585688,0.5239002586840851,True
138,breath,1,1,True,0.3318102793184456,0.6421389982575705,0.03874700938048851,0.07556970096693295,12.073056148309727,0.9429059287644598,0.6679525038071837,0.4736136783413084,True
141,live,0,1,False,0.3495247932263377,0.6043502594852724,0.06090103828366317,0.05004189979414425,18.611338998687486,0.9523965860047463,0.668838779136649,0.6580333796510638,True
144,inclusion,0,1,False,0.31757258462726373,0.6726440814307774,0.02637402568213616,0.09186381364370123,9.779225628624566,0.9198539648073967,0.7078735347574905,0.2944472652320974,True
147,come,0,1,False,0.33159349443360114,0.6552757755169308,0.044165265810010595,0.035071230943466716,26.750647089610975,0.9380672762108464,0.7597117411567926,0.5151328605273889,True
150,shame,1,1,True,0.37930841861502335,0.5815594413477465,0.056801100239829504,0.08303752592679585,10.91134542528013,0.9259088554473464,0.6643629498845234,0.600702678372331,True
153,check,1,1,True,0.3894150774251403,0.5535045474642089,0.07433401310129244,0.10483523743983669,8.458097550629397,0.9471143682500703,0.8057126363332281,0.8317038823322969,True
156,exercise,1,1,True,0.3334173083879805,0.6453506153051544,0.054878548325960584,0.058836824347934635,15.728828959562776,0.9603295720123418,0.7760899493384807,0.49990587793162355,True
159,beat,0,0,True,0.3689247909667646,0.5644089007017459,0.047823263627196126,0.23622259626958889,3.2196654776614326,0.923585518782449,0.6351148296857594,0.6492660425993735,True
162,mechanism,1,1,True,0.3607345692509427,0.5978048062504023,0.0525805085283406,0.10470133019305464,8.470079498259457,0.9213949997812475,0.7566629720539275,0.5801025623287276,True
165,bit,0,1,False,0.32757575308204967,0.671636367573819,0.041193825778583,0.0522424391873385,17.80079153544953,0.953283897616108,0.6617191883780807,0.6869137702253952,True
168,channel,1,1,True,0.3087979283582825,0.6634830272111136,0.025487493412762335,0.13347753213279762,6.4436226195131585,0.9507009535574553,0.7162368145804741,0.32113089651777954,True
171,neighborhood,0,0,True,0.35132965021307827,0.6383646264261227,0.044867461214606365,0.060769941952827686,15.205292871481749,0.9119964279407553,0.8350249891411687,0.7245250231466693,True
174,break,1,1,True,0.37054926340482397,0.5895270381361856,0.04736264564581838,0.16055155117101863,5.196164584890556,0.9285776283920794,0.8193969016640132,0.7377532163690788,True
177,application,0,1,False,0.31696991181015444,0.6702991865725776,0.03736656824622108,0.07982661468089082,11.384534524327398,0.9370924789759333,0.7569717721608228,0.5433121693112307,True
180,gather,1,1,True,0.3447996340004538,0.6152785960458901,0.05603784451786109,0.0,1000.0,0.9427402857400247,0.8150819772443855,0.7131615004486199,True
183,grip,0,0,True,0.27791452568603453,0.7422134575604606,0.025759146711414868,0.06747990692650932,13.617426409096096,0.9521210904879647,0.6641339312947757,0.28776885822617865,True
186,drink,1,1,True,0.3343824871335753,0.6636365053062168,0.036677499388278335,0.05291870772083026,17.564984998950308,0.9463361550470109,0.7407323174840331,0.6942574224542831,True
189,make,1,1,True,0.3384147519612528,0.6392802181797025,0.050529507096771537,0.044840130394703644,20.836761618715972,0.940789493862478,0.6695005034815764,0.447614464555927,True
192,throw,0,1,False,0.3379025055237033,0.6236562533902041,0.0508099542340018,0.105112383544018,8.433394732715252,0.9404137973260485,0.6905911519905584,0.508056271320756,True
195,fire,0,1,False,0.34454686933711537,0.6392999624190724,0.05247363628240617,0.055936239000186086,16.581069940301614,0.9626281280735138,0.6636731353609766,0.8571407525661913,True
198,take,0,0,True,0.332959635537928,0.6532770011915375,0.037564623201379196,0.05775795296108177,16.035991717802194,0.9399909951557184,0.7819690300973792,0.7229801433345419,True
201,pay,0,1,False,0.34221090968597845,0.6117975643311951,0.038808199671651014,0.04871039348829602,19.13663400664247,0.9376834445189871,0.7935771050215933,0.38465857489860733,True
204,pop,0,0,True,0.3410376626871953,0.6160264047461173,0.05171697838556624,0.10249517420372013,8.67194854930752,0.8990969013074744,0.7181116888228474,0.49872285702091257,True
207,make,1,1,True,0.35559447492216584,0.6274426855257457,0.05457722736986306,0.035116890350036505,26.715564388255487,0.9310186047247636,0.7842311340853014,0.5090854713628177,True
210,crash,1,1,True,0.3758035201485025,0.5795455126466038,0.060050998416674335,0.04590207022721791,20.34234150327774,0.9661883972145524,0.7196428681604535,0.6348760631999075,True
213,action,1,0,False,0.3498019225309145,0.5823992107286513,0.0575209508099608,0.10212352631622207,8.70680537950665,0.9318678856410347,0.5504708215876292,0.7784441070263528,True
216,tense,0,1,False,0.34794250931206294,0.6205161514959315,0.05536377436982078,0.060402025911456075,15.302393693710984,0.9044171647208282,0.5177343005003949,0.5220802829194532,True
219,stick,0,1,False,0.36928264874144523,0.5783288844609338,0.05246310654036041,0.06636278999355613,13.859835824729867,0.9393315316628787,0.8695826456671261,0.7412912788184365,True
222,cut,0,1,False,0.35166162932500455,0.6142903320125797,0.04700546578983688,0.08483996652080773,10.661234743810812,0.946882821838081,0.773740695887977,0.5519848221497344,True
225,lift,0,1,False,0.31937541478667636,0.6646587040043201,0.03686130942803383,0.07480023895954988,12.20576311816345,0.9199062258250603,0.7664770560861436,0.5463314961202189,True
228,defensiveness,1,1,True,0.35698359941894603,0.6314230770436186,0.07271509407263078,0.0,1000.0,0.9207847484087315,0.7743831020512688,0.5783124766185286,True
231,hold,1,0,False,0.34677916392767544,0.6419906346480202,0.03626966380358594,0.11327101085628546,7.759877002041416,0.94755572545982,0.6448371664889252,0.45074900583882466,True
234,swing,0,1,False,0.3089614337431394,0.6779218340988343,0.03534510280648174,0.11799045191296358,7.412439686607701,0.9243759678193672,0.7385989307326012,0.47007295623814027,True
237,move,1,1,True,0.33008256883186055,0.6528926502417924,0.04670747549797235,0.06864501521985152,13.37288794955531,0.9289096619347825,0.7227686244762149,0.6226517411413645,True
240,believe,1,1,True,0.33476461048127254,0.644849222988792,0.035674918410044776,0.0670492431280814,13.709935834494601,0.9487266876953029,0.7074274031612585,0.49064309869803613,True
243,strength,0,0,True,0.3243086652324857,0.6506773552126867,0.031387129312200265,0.0825530324731442,10.98041495767067,0.9248091737038944,0.759863997833102,0.5648064797930185,True
246,bum,1,1,True,0.3654154611701502,0.5948654774630026,0.05127784161602875,0.07283795547916815,12.556713393593508,0.9150049938462446,0.6805900956307585,0.7627099171553609,True
249,approach,1,1,True,0.346942774925071,0.6232835582519127,0.042303923283417436,0.02700819877831032,34.739534981277664,0.9399551547626879,0.5734161091615665,0.6250855305246381,True
252,ball,0,1,False,0.3321643127485734,0.6466544805700148,0.04735527160384633,0.09928350482729945,8.981701394699412,0.9391171543406023,0.6407258085753138,0.29327036040634036,True
255,smile,1,1,True,0.3654513779452057,0.5834851439629525,0.046889172887583895,0.10959877661137495,8.050733024989432,0.9431473483467385,0.7423216327339698,0.6295800567605238,True
258,set,0,0,True,0.344752715103082,0.6286684336389541,0.04176196382499695,0.07534897015533994,12.110851370534025,0.9450360976576665,0.7909781042845453,0.7223655341371791,True
261,efface,0,1,False,0.36690510783739666,0.5863275855926198,0.060129807830417006,0.0,1000.0,0.9413755830737125,0.6901909275654339,0.6959742862655205,True
264,throw,0,0,True,0.357279905175365,0.60400059336233,0.054624271305801,0.12022324234824405,7.257492380251448,0.9573580429890981,0.6775005678266928,0.5113105006875389,True
267,work,0,1,False,0.2645676989237753,0.7412687334889948,0.03254015852195328,0.05455100289059337,17.019476659520446,0.9677848448124529,0.7062317380473626,-0.2509978754569116,True
270,break,0,1,False,0.35431492396579806,0.6072760354263325,0.04920246098743093,0.11355903655829169,7.737852814349183,0.9213952850970345,0.7604317158907377,0.7633805515545332,True
273,excuse,0,1,False,0.3271579071086653,0.6561726718175397,0.0575151733185375,0.10139185116442445,8.776168597563089,0.9308001279692381,0.6688672049673193,0.5713789708702102,True
276,unionize,1,1,True,0.40957365298134524,0.536540637900705,0.07149225096034888,0.0,1000.0,0.9468210361959576,0.6676655569017652,0.7882907024981677,True
279,frequency,1,1,True,0.3426767491201392,0.6360248226872366,0.0337474866428737,0.10336785750439709,8.591075489480344,0.9295635195976624,0.7308331279394332,0.42825763027397457,True
282,start,0,1,False,0.0,0.0,0.0,0.0,1000.0,-0.0,0.0,0.0,True
285,case,0,0,True,0.3343974086785921,0.6542890902932823,0.03993813242629909,0.1332554350373469,6.455936511781022,0.9389821654461976,0.6283096329105988,0.427231045156223,True
288,stick,0,1,False,0.3600640204916542,0.5989578217735695,0.047232683582382085,0.0878416298468688,10.267240388603474,0.9344193777367132,0.7429189907416397,0.5501171204794852,True
291,head,0,0,True,0.3647489432651465,0.6111164520721766,0.05177476225094067,0.17180131243303912,4.792780077338184,0.950513552226831,0.7351249299971856,0.6734393805002916,True
294,job,1,1,True,0.3401030586498803,0.6233007301372242,0.0458568943126074,0.05392370812386269,17.2252807429274,0.9303913604299654,0.7802549997760193,0.7979469847255537,True
297,bear,0,1,False,0.35583149123442,0.6056951469615252,0.0499921444210315,0.15169203331511705,5.555679286385517,0.9186355130733378,0.7364124825789906,0.587307556729046,True
300,pass,1,1,True,0.33917110954282287,0.6246664350028166,0.04643477509480842,0.10823298094710991,8.163898955432513,0.9267680489661382,0.7754956757869584,0.6134871541154197,True
303,run,1,1,True,0.3191409445933251,0.6786276632331438,0.039261954817734264,0.10952518806920555,8.056759074440317,0.9171783476638087,0.759503643772023,0.632900308652351,True
306,purge,1,1,True,0.3553690125672583,0.5950806050637478,0.05271336941335578,0.0,1000.0,0.9389872629243955,0.802707938492711,0.6933618043800831,True
309,majority,1,1,True,0.32817048621236417,0.6698079093407814,0.043202002930046994,0.10780830033557405,8.199665805943397,0.9517142539946352,0.6007124151174608,0.3844850841321613,True
312,tell,1,1,True,0.3539241216738779,0.6040403661650633,0.04157371864848825,0.05961055117487805,15.515276310750595,0.9547294576677935,0.6853580839776798,0.46701046962159803,True
315,repair,0,1,False,0.0,0.0,0.0,0.0,1000.0,-0.0,0.0,0.0,True
318,education,0,1,False,0.3232344664320983,0.6541669730843204,0.0430558800235965,0.126002303228078,6.881746823144986,0.9196868524003101,0.7884128334518039,0.5555764923798462,True
321,fanny,1,1,True,0.31690817908709173,0.6918308223152153,0.03975506999933111,0.0,1000.0,0.950043798891549,0.7163015627040725,0.31534490297969775,True
324,floor,1,1,True,0.32559231103960423,0.6385360055617545,0.0515076530382667,0.13870108181751942,6.165298843623329,0.9373407772808908,0.7880412272780896,0.7631562531179126,True
327,time,0,0,True,0.3259215409211935,0.6447529262423662,0.02948099536303114,0.05320314798964435,17.467562072063483,0.9382152986775325,0.7961856762797743,0.6105930902576949,True
330,floor,0,0,True,0.32725101880918456,0.6481805733734795,0.03407336064022883,0.08689129630965288,10.389068565712606,0.9463629833460406,0.7143617177696713,0.5753108671471611,True
333,effect,0,1,False,0.35357626232831724,0.6193291782603343,0.0547974222570618,0.17631218277734684,4.645410170472992,0.9274085116808161,0.7522203678191798,0.5347226349743144,True
336,charge,0,1,False,0.31844824253035997,0.6521977910863592,0.044800693786281647,0.06704661019666315,13.71050500689139,0.9539509782724876,0.748508505076919,0.35375648172783714,True
339,bit,1,1,True,0.30626134753836987,0.7011199026480102,0.02808037696343941,0.09615597897393091,9.303020056733619,0.9439002122783339,0.5733197855062627,0.4494341533071157,True
342,gold,1,1,True,0.3262465692337349,0.6472139484629443,0.03594244599489589,0.12103973178678652,7.202246803924721,0.921888195980662,0.817293812616367,0.7229533090249927,True
345,carry,1,1,True,0.3183548759272231,0.6904508502322954,0.04928663639652969,0.11059867853471014,7.969640260468339,0.9510198982526651,0.7496132662941055,0.4881990816438079,True
348,enthalpy,1,1,True,0.3189682312423048,0.6622586124169054,0.047355799707828515,0.0,1000.0,0.9000026924123431,0.7922459134330356,0.5958818031674613,True
351,game,0,1,False,0.30750992784757775,0.6907948383146573,0.02686442341907356,0.07935812888078733,11.456736038304236,0.947186208729283,0.6293697728641338,0.340975831993975,True
354,piece,0,1,False,0.3196094263438969,0.6670956355068414,0.039826599010841436,0.0822664936897614,11.021642267411638,0.9334961772293041,0.664045600108987,0.5237928832986692,True
357,kill,1,1,True,0.328092699474098,0.6538497842324154,0.04675368082512883,0.13186817621351934,6.53378294582287,0.9486207033380194,0.7546442545943053,0.5716802968044209,True
360,song,0,1,False,0.337145580167799,0.6276889773778987,0.04685996147886545,0.08459446114275165,10.69468195296615,0.9495615750230354,0.727780936187563,0.5040399044046053,True
363,fun,1,1,True,0.3435994079654208,0.6046935648880656,0.050521243259078495,0.08555325478494666,10.565134118724023,0.9471808374798211,0.7834914863160218,0.6590563804863628,True
366,run,0,1,False,0.3294338992349701,0.6361464508802578,0.044996660878653234,0.08776602790911538,10.276836686044925,0.9386988472105334,0.6970360515324641,0.170374252202014,True
369,pull,0,1,False,0.323679959737361,0.6489079551240792,0.04516353084999118,0.1369889775195151,6.254202603671249,0.9314983702863742,0.7295416301153522,0.7592354106646492,True
372,bake,1,1,True,0.3665704339922295,0.5917993852404628,0.05012447288175422,0.03659017965759436,25.629295446790117,0.9465896645105599,0.7089459306575258,0.7497099684336065,True
375,hold,0,0,True,0.3341239239104389,0.6461284387027559,0.03460288754564676,0.13209014402775085,6.521218098548903,0.9489881591320282,0.677809160769202,0.48647715538028047,True
378,plug,0,1,False,0.2971489900928897,0.7139681123704367,0.03837746386890021,0.1052678988658793,8.419589647324843,0.9614067211615073,0.8015064329636261,0.21307528618508237,True
381,follow,0,1,False,0.31804206065972757,0.6591442527351371,0.04393141174564047,0.14767216728146784,5.732934740265779,0.9347805037357516,0.6309374046850063,0.41709590765554433,True
384,believe,1,1,True,0.3417757842997324,0.6257917366110689,0.045097859815997655,0.06933493843464415,13.231902696980933,0.934609089259566,0.6519528283977414,0.5478670561635834,True
387,know,1,1,True,0.3504572305462767,0.6150819241133167,0.05331436600590193,0.09835367587024794,9.075117918206342,0.9363068016859504,0.7129399456920036,0.38523646538342093,True
390,avoid,1,1,True,0.3422483164106123,0.6308969319215543,0.046986304776799104,0.094220989040612,9.512388183376995,0.9326901538625627,0.7958235089094434,0.5662616934476672,True
393,life,0,0,True,0.3489070458564482,0.6144643626546468,0.040977882507963775,0.11280469361041688,7.7957707915517425,0.9414329237404364,0.632017834097111,0.6713023680996515,True
396,set,0,0,True,0.33723020663250325,0.6323300063320776,0.05685581855814406,0.24364412970467655,3.0916575484903825,0.9314170854191184,0.7488757063884555,0.324645677125947,True
399,snorter,0,1,False,0.3261799624625845,0.6449814498398234,0.05260592996470402,0.0,1000.0,0.9085545472638511,0.7390603736305745,0.3321179058379301,True
402,post,1,1,True,0.34553711403620097,0.6296469992757354,0.03863476455366756,0.19788093080088406,4.033162284433306,0.9137399918180805,0.6839053044895617,0.5414476467451468,True
405,eye,0,1,False,0.33413552121071555,0.6410253794773535,0.03707670333243861,0.05325047355411129,17.451451838509172,0.9347509121358841,0.7972454708859066,0.6350474560411664,True
408,set,0,0,True,0.26084071082241955,0.7413158039978202,0.016752661207696133,0.035872804193248294,26.147379265048983,0.867369330972083,0.7143237166814236,0.17233613860099573,True
411,line,0,1,False,0.3221261313703772,0.6430747075955419,0.03829131282295453,0.08926066157728697,10.09010262619092,0.9423565277091828,0.7136801884126429,0.5573847651759044,True
414,taste,0,1,False,0.34962730841629014,0.6124902536273832,0.054339485692764776,0.05762551846195209,16.07447586411791,0.9387695250375072,0.6464616204238944,0.4564646805740349,True
417,day,1,1,True,0.3189839609418967,0.6641791541219519,0.033095971894956826,0.06273858685985258,14.704772404210708,0.9064121960946658,0.6504795448704795,0.6091762771364215,True
420,lift,0,1,False,0.31337731303565425,0.6962310186946188,0.035703564374893026,0.12989734987635249,6.647213644474537,0.9438313129325137,0.787391553907961,0.46122128484274527,True
423,dress,1,1,True,0.35313798719322265,0.6077044424479243,0.04009010723379267,0.10541451148741726,8.406611805179983,0.9367913149109582,0.7911751266062867,0.6633120542007461,True
426,be,1,1,True,0.30257949934323913,0.6867832721055633,0.040752884251428124,0.02633499621995587,35.61972337384929,0.9564775605375817,0.8140128564087208,0.6049783778739367,True
429,loaf,1,1,True,0.3941989669327801,0.5449802370641479,0.06427587284698574,0.13220231161330973,6.514884598293855,0.9382934526000626,0.8117412444240161,0.7805742448330301,True
432,formation,1,1,True,0.3247553952789742,0.671778236933564,0.04415967729461461,0.09017813585148801,9.978509163978085,0.9336709595372475,0.8188328881522894,0.7999343188600839,True
435,land,0,0,True,0.35534297102046003,0.6136167723913316,0.04190819496482046,0.10489596230622815,8.452673909372722,0.9568258776489654,0.6917730504910918,0.43520350845784317,True
438,pack,1,1,True,0.3260861945223515,0.643041431036205,0.03408075787383949,0.13734257410516532,6.235661230642271,0.9333638145049941,0.6598372749693575,0.1837021046398378,True
441,nose,0,0,True,0.34569597893223375,0.6272047642053369,0.04077715585217205,0.11244099356220215,7.823970670277408,0.9508437353649534,0.7216389052745437,0.5087939097536688,True
444,charge,0,1,False,0.33092430942241385,0.6689379228742933,0.03437081012813356,0.08282275009178884,10.941865411285958,0.9396904807535271,0.7477494261396401,0.5687691013236648,True
447,society,1,0,False,0.30659655575507583,0.6803615494845289,0.025347767667379853,0.09375647756000839,9.563921599619151,0.92626897324495,0.607942219457147,0.3426413080921088,True
450,give,1,1,True,0.28519273614169105,0.7142353661705136,0.03022886492062631,0.0963252127448213,9.28510466886458,0.9641578423948919,0.6588544511965667,0.06188873185503188,True
453,pay,0,0,True,0.32513787783084086,0.6596424775752171,0.03145933304446462,0.049109606923204985,18.97620938304452,0.9333888828697108,0.8069208741996864,0.6223780576834095,True
456,feeling,0,1,False,0.35370445053821425,0.6275971762970729,0.039815056110907986,0.19143035412666976,4.201882023981928,0.9291193487025982,0.6766319321186862,0.6453349177830711,True
459,reaction,0,0,True,0.29087423390747413,0.6820819613857967,0.04645509105122973,0.056584533803657244,16.38313977522252,0.9189703508810269,0.646722145361234,0.5523661426544954,True
462,size,0,1,False,0.32713456038319016,0.6559105052125573,0.028451393772100667,0.10053366518688664,8.858799031410145,0.9491602472231743,0.7620440385333133,0.5730742211020041,True
465,depth,0,None,False,0.36839571698935614,0.5705533757165834,0.04832778536386777,0.12549138233546295,6.913582581817995,0.9493076048265252,0.734183493418868,0.740598894394265,False
468,make,1,1,True,0.3074180198750166,0.680958077905548,0.0316605325404391,0.05059020644169416,18.40290743227211,0.9387862863537004,0.7394544897005547,0.5071957612202176,True
471,line,0,1,False,0.3191927967969735,0.6653870242044709,0.03794597921272579,0.0799154201672083,11.370942373301352,0.9631828423667778,0.6608866724961083,0.20842650539294744,True
474,drag,1,1,True,0.3609094930265741,0.5898239398576334,0.059027082109909014,0.10241892934575168,8.679079123449847,0.9420488119889296,0.7871851130101618,0.6828498101925697,True
477,feeling,0,1,False,0.328754861727607,0.6167011161090314,0.0306031089010197,0.11604675915199561,7.552137686273848,0.9311198566694948,0.7052584407847751,0.18442193494786296,True
480,narrowness,1,1,True,0.31707762956290236,0.6823213254897629,0.03705569712885629,0.0,1000.0,0.9215552122040644,0.7797987580874508,0.6000757137693704,True
483,vegetate,0,0,True,0.31391738714013623,0.6866394347931294,0.03479938039248412,0.0,1000.0,0.9329591893550471,0.6459594710833372,0.48172292969798414,True
486,one,1,1,True,0.3466652626957204,0.6190555976241643,0.052785175502716296,0.11591262818039835,7.561949342678692,0.9302835547793403,0.7150498656939109,0.6526168889908325,True
489,keep,0,1,False,0.3268822431521823,0.6558808437536924,0.046789210806302856,0.08731483820488056,10.334448665101915,0.9530356688425786,0.5324706434618726,0.5158656472837136,True
492,run,1,1,True,0.33996362845541234,0.6488401921553084,0.048587028454493975,0.08709514293071355,10.362714977229587,0.9415656514451999,0.7560736063700091,0.7108250674220392,True
495,play,1,1,True,0.35765250926079223,0.5725070886386501,0.05813313818958776,0.0543526475244222,17.08404917864765,0.9311105860023238,0.6604219019156906,0.34848267183360865,True
498,go,1,1,True,0.32679676795591844,0.662649673788232,0.054129225727696975,0.061482163746894684,15.020571951619537,0.9607607763249787,0.7023025401796185,0.405254295799612,True
1,look,1,1,True,0.34889473257000375,0.6269506016980413,0.04095173756469729,0.1202306895414449,7.2569851230433695,0.9218956563947149,0.5997709361517274,0.6419978671573026,True
4,suffer,1,1,True,0.2869938309141159,0.6938380802729825,0.026075198669269876,0.0,1000.0,0.9521421355691925,0.6010519698332168,0.34126851086390425,True
7,take,0,0,True,0.290000522482454,0.7105945770116768,0.02423476147863106,0.07802735392382601,11.666500272359592,0.9305857404039887,0.8079184719205401,0.38223623730165185,True
10,answer,1,1,True,0.3659684088140941,0.5820666667882027,0.05966178237772071,0.06697106984566223,13.726853678674026,0.9554060859189799,0.8345668234052352,0.7913526821027982,True
13,know,1,1,True,0.30006577824675323,0.6967333649718629,0.02907194086210669,0.09115441816439951,9.862203027686194,0.9430481919693061,0.7571604880590902,0.40910125030018657,True
16,stay,0,0,True,0.3254649024549781,0.6676822016033521,0.044211395654566686,0.09155817693716821,9.814819750388066,0.941139905934375,0.8228165047171327,0.3967031114537687,True
19,fail,1,1,True,0.2984935134771669,0.687159458957769,0.03194723691966301,0.04710402459084383,19.809069688329807,0.9361094359466544,0.809407659801685,0.4729940581133381,True
22,action,1,0,False,0.3215514092590804,0.6488179375918577,0.046676131736303736,0.10624954015021626,8.333373351512515,0.9436128069640105,0.710865183271377,0.44840678728373284,True
25,note,0,0,True,0.3045644241187386,0.6866824886927798,0.028881772098259807,0.09268818282694118,9.684378432753103,0.9468017493025678,0.7313092621078157,0.40871581845992005,True
28,disband,1,1,True,0.31809473193605375,0.6661083731419867,0.04443133253860837,0.027483040348838278,34.14372018367861,0.9346270847268381,0.7017078689136467,0.57799652016969,True
31,hold,0,1,False,0.3392513272628446,0.6436311207722729,0.04798987293371784,0.12225844962371085,7.121147094222745,0.9253910153968783,0.8055725673853272,0.7488254763475387,True
34,make,0,0,True,0.3416320613634377,0.6361135855971755,0.04450100251121358,0.08380045718038412,10.804181643392713,0.9349689026357593,0.8197939648327988,0.4795530502001087,True
37,fire,0,0,True,0.29362478176020723,0.7107148090046526,0.02277173840197987,0.0368521875176023,25.44497096857368,0.9264813397182396,0.7339325723915732,0.48441667391360355,True
40,snow,1,1,True,0.3800106248231492,0.5719572897613977,0.06547979106259287,0.08983258189089274,10.02027465433485,0.9345435021378948,0.770824809724701,0.7548308784048611,True
43,neighbour,1,1,True,0.3588542037778308,0.6061165167662792,0.05606643167397665,0.08035691425300819,11.303809813718296,0.9198870421944532,0.7743213731967835,0.7173086787459562,True
46,stretch,1,0,False,0.3404276103571083,0.6396873448754489,0.03411167830700903,0.0998904058259854,8.921656988143283,0.9253830277202639,0.7328518053800175,0.7195767665958669,True
49,classify,1,1,True,0.3235906228263359,0.6517486212352253,0.038806647128436185,0.030915332343539655,30.364235509915467,0.9449012744421966,0.6732018983989604,0.40911748417455895,True
52,beat,0,0,True,0.31791873877403287,0.6612654866658499,0.020966849581279815,0.12794121304551406,6.763227724921929,0.9213350744072922,0.719857380646766,0.45967897405827723,True
55,carry,1,1,True,0.34502380568943003,0.6132535254059324,0.044756505247831806,0.09559722475705928,9.362616550501336,0.9362029439289336,0.6978803827956243,0.6056017058416324,True
58,finish,1,1,True,0.3007046812413239,0.7003510338210801,0.04378157698108731,0.10276386205894865,8.646903846267096,0.9488590418184188,0.6474312196608956,0.21709687059743443,True
61,describe,1,1,True,0.31845673363235755,0.6772069806378856,0.04782901885597201,0.029171715433414694,32.17676789737346,0.9492100932408215,0.698976475999191,0.6231974227317313,True
64,burn,0,1,False,0.3232442362425365,0.6502292500218576,0.032740006755090076,0.06488583909924511,14.192946066789473,0.9391622119795453,0.6715073515711674,0.5856629136129619,True
67,tension,0,1,False,0.35326778698967726,0.601626332065715,0.0491173343078793,0.05197736096567369,17.894863423804573,0.9302690815734443,0.6496086653335438,0.5828835934155936,True
70,woodenness,1,1,True,0.3281496448418482,0.6405486120592085,0.03983825907481471,0.0,1000.0,0.9465582585384656,0.6666403503968328,0.5438874066343807,True
73,enter,1,1,True,0.3742465459522514,0.5823117348747957,0.06391440132214989,0.11397952772906922,7.705897647785576,0.9582877533316599,0.8041481434741121,0.8366599189298656,True
76,raise,0,1,False,0.3260906081172599,0.63980670011195,0.04745865814930004,0.09985676691113485,8.924966173880861,0.9340405018047063,0.721157419674652,0.7007166095173384,True
79,fill,1,1,True,0.36279695492292396,0.5938038796607531,0.05742116233062827,0.07505916774492072,12.160806641443266,0.9228321197499971,0.7072573980247486,0.7306116090593016,True
82,give,0,0,True,0.3366982283746553,0.6545206445834787,0.04825589873147365,0.06011585288297654,15.378729131322041,0.9405158022167539,0.8105780733398893,0.653785103322131,True
85,offer,0,1,False,0.3016600741190137,0.6944387718769778,0.03986385302394735,0.040007051178905316,23.410436040203017,0.9373896754117408,0.7882538167172397,0.4434309916088038,True
88,side,1,1,True,0.3112715591182887,0.6793366663580264,0.030616493309753735,0.15586603690222295,5.3812410880497925,0.9490730906285266,0.7572398752467321,0.396587855207842,True
91,credit,1,1,True,0.3384716098209438,0.6403628440065886,0.041894265674048796,0.07633209167000352,11.944173348776491,0.9569928594305259,0.7885016541333788,0.5997660175980777,True
94,life,0,1,False,0.35291132288403554,0.5989617839602912,0.043816832785511614,0.1281467450526355,6.750872850818105,0.9442904593183113,0.6581808399844058,0.48789094196339733,True
97,get,0,1,False,0.3394631061496233,0.6379772019495512,0.03342261067148107,0.04420247469818941,21.14480527191347,0.937460149505011,0.738447144625059,0.4965381490783241,True
100,purchase,1,1,True,0.3278662125681234,0.6592128461250549,0.03341578979258054,0.053255204937941926,17.449842759693965,0.9353656511179866,0.7490675526677197,0.7071792563178019,True
103,uncork,1,1,True,0.3473683666575367,0.6156280433009176,0.04238660913713497,0.0,1000.0,0.9451741470282109,0.7524543439190801,0.6656561611158536,True
106,run,0,1,False,0.34457471880127044,0.628417920776142,0.04742592958279069,0.04395991859707408,21.264275186324372,0.9379674094775236,0.7706440421442589,0.516980911957376,True
109,street,1,1,True,0.3551750372328542,0.6079503304018964,0.04860551754720426,0.15722147967636566,5.326574634793562,0.9410971912810803,0.7759584241344369,0.6626746106303137,True
112,head,1,1,True,0.0,0.0,0.0,0.0,1000.0,-0.0,0.0,0.0,True
115,mode,0,1,False,0.34831982969733805,0.6174012425315465,0.05205870431600116,0.0846752634504012,10.683652429962997,0.9311613820795931,0.752906602680145,0.6646810034159397,True
118,place,0,1,False,0.37483716992847016,0.590860779282705,0.04775288891071149,0.05362577162446346,17.324683940056506,0.9487651955221937,0.7344535753092355,0.7108360921171848,True
121,collision,1,1,True,0.3832466670082246,0.5615410481871227,0.07561501981977377,0.025578683715775357,36.66175972837482,0.8838699564368048,0.7135050959466173,0.5575983659380717,True
124,charge,0,0,True,0.320101529980725,0.6550884962510967,0.03792100613856333,0.06778851175980963,13.551848475734058,0.9196319177763672,0.8086852441469593,0.6720281333813257,True
127,communication,1,1,True,0.33528766883740757,0.6331371903313436,0.05311681367848393,0.07385045841982026,12.37333158850684,0.9328843241570658,0.7653383176126014,0.6699629480865191,True
130,luck,0,1,False,0.3193370846750493,0.6655307291426674,0.03902284803366838,0.15492319310304048,5.4198274809476095,0.9221413407103696,0.7799786184408082,0.5842096972616396,True
133,head,1,1,True,0.3599378397031017,0.6187872197588326,0.04962980993523298,0.0671180733072269,13.695072121098883,0.9227773545843322,0.8552066438252248,0.7285571138520566,True
136,play,1,1,True,0.3581075719786922,0.6071506486648752,0.0451707777946593,0.0778429097719541,11.696132130273995,0.9504401693451758,0.7911271545606834,0.6902184169171518,True
139,have,0,1,False,0.33093999215166237,0.6609370406526364,0.04151137603169358,0.05809616720049493,15.938492755442464,0.9361592449499282,0.7334153321326274,0.39099902238523015,True
142,give,0,1,False,0.3323608541820795,0.6378806760702123,0.036246395917997894,0.057147186076957596,16.214934505604106,0.944642202119957,0.6979269545381594,0.38878594249319026,True
145,wall,1,1,True,0.3117943914706234,0.6733370836298485,0.04283457341248358,0.059291439475953625,15.60268868516955,0.9490694035607219,0.7209139201378997,0.5446355728173333,True
148,order,1,1,True,0.3460483909022453,0.6035970870593085,0.045315757819151224,0.14743010490417444,5.743914926464813,0.9453181475633528,0.7903251776044797,0.7019753389669284,True
151,trump,1,1,True,0.316130346522759,0.6633897678845802,0.039307915162301955,0.12135548225086164,7.181080092085133,0.9249413661400523,0.512788507593824,0.6356725034019309,True
154,seat,1,1,True,0.36304219791069714,0.6037625656743757,0.05235497254668119,0.08873839693580064,10.154645438073972,0.9479862295870225,0.6751533448792432,0.6876382101654641,True
157,work,0,1,False,0.3482158264639128,0.6267858468425996,0.049187906110949677,0.07615548528064911,11.973802139393122,0.956901664413141,0.7127873372823387,0.6323060405544679,True
160,think,1,1,True,0.3463365853371565,0.608402789409449,0.046676346344317166,0.07182232577908974,12.745784541907996,0.9433818089443182,0.6625497856031551,0.5071550158537029,True
163,raise,0,1,False,0.3426572500911803,0.6058067613876695,0.04721251703683029,0.15017702182249024,5.62137663470682,0.9338719170514518,0.7038987909081494,0.733374314643268,True
166,field,0,0,True,0.3263716592486964,0.66143134830715,0.044178752716912816,0.07194284698325851,12.723072808355626,0.9310572242853948,0.5151959550454545,0.20643258893768732,True
169,meet,1,1,True,0.3412654783231951,0.6274573576536742,0.060874226110617595,0.06533347685380426,14.090419611294534,0.9435858146411366,0.5407510653326718,0.7276470855689181,True
172,pull,1,1,True,0.29246681293519483,0.7029816921889213,0.02898665253969609,0.08623182232914212,10.475170107338103,0.9041614482936954,0.7777525671692309,0.7189162383509964,True
175,empty,1,1,True,0.3611084560101545,0.5936424878402751,0.055112447744544865,0.13030366314224934,6.623549686618834,0.9261157430467711,0.6996103425121583,0.8311259250375742,True
178,pack,0,0,True,0.3515645538504953,0.6089636056921844,0.03224144999399976,0.09605014544847472,9.314255536396336,0.9403580148272762,0.68057883661116,0.4031456274349169,True
181,sense,1,1,True,0.35190832791242943,0.6276232492964627,0.06949644470653617,0.1178964026082677,7.4190940856136,0.9261874614604122,0.6874128844332448,0.40122757718682434,True
184,bed,1,1,True,0.3766080889774471,0.5679451389470034,0.04932334739310837,0.1346359335388393,6.380050211497708,0.9444635732067018,0.7803185025159931,0.816400894185834,True
187,number,0,0,True,0.32784978214217736,0.6381655451491041,0.04032843785524625,0.10113128339679477,8.801110557976351,0.9137200994829617,0.7360495274958382,0.6294193626646354,True
190,use,1,1,True,0.3254900603862279,0.6498634229803761,0.04306332614939529,0.058841882023595124,15.727415083725385,0.9130089259943438,0.8064251698546312,0.6282676190801253,True
193,draw,1,1,True,0.3278363065183553,0.6565980511412219,0.03967843492394592,0.14484636287699615,5.8633867876720585,0.92985651608691,0.5124853110730067,0.6574586033454982,True
196,rotate,0,1,False,0.31964333617528723,0.6417135470159369,0.031665688144594806,0.09520134594662306,9.405259824071493,0.9048396971974235,0.49505736123288996,0.5183516813882889,True
199,operation,1,1,True,0.30794632295799146,0.6744193113179008,0.03655389846209648,0.067921369112697,13.52379737789613,0.9465477398492946,0.5854805357304446,0.1478190453787495,True
202,raise,1,1,True,0.3426094347738655,0.6218177206447328,0.04417316674347332,0.09020972127265595,9.974707367076375,0.9471390072920155,0.8157803280579213,0.6744545118192965,True
205,accord,0,0,True,0.33052714802997457,0.6410677812243537,0.04426201613637144,0.10934471107736683,8.07157207832246,0.9516751858685674,0.6971416847874052,0.6055631172337198,True
208,wall,0,0,True,0.30132546679643746,0.6894445841364736,0.031219461847635188,0.053375092742737294,17.409164003379107,0.9074081094412246,0.7473248364404239,0.5287436750655174,True
211,do,0,1,False,0.34585695908130654,0.619417586036821,0.04701717434904748,0.1253654621705205,6.9214682778529095,0.936089181949094,0.8245262019495024,0.5630300577640643,True
214,field,0,1,False,0.2724102489576355,0.7270242982862857,0.027780120817981636,0.0547697310313836,16.948804512553625,0.9522948599637223,0.7892014898400734,0.1408275179292113,True
217,run,1,1,True,0.3048577404759022,0.6804293139478695,0.035408832938104276,0.0455582208340201,20.49996245708275,0.9315694360680855,0.7885117758430501,0.5113526996586696,True
220,avoid,1,1,True,0.3181328834380307,0.6650263994402705,0.051040915322403985,0.06296469230920917,14.649258424649425,0.9563779937348171,0.692323027134164,0.6584066813343287,True
223,hold,0,1,False,0.3023458924976169,0.6713959509073247,0.04206375982903574,0.11537273979712771,7.60167081865599,0.9364909922899605,0.7918928187321835,0.3015512003451168,True
226,face,0,1,False,0.34940919328540654,0.600952156071687,0.034752639775900145,0.11150530182891524,7.89735846868979,0.934761756435699,0.6923843671909569,0.5491249064755793,True
229,culture,1,1,True,0.29814261630655614,0.6978631706240527,0.05188743413643654,0.09728698194803018,9.18446166684907,0.9358787927896516,0.5869877128546305,0.20633079240865168,True
232,charge,0,1,False,0.36349596282494573,0.5840373544685967,0.04519059191880866,0.30022923594933065,2.323050622378423,0.8825239711725619,0.6722196907146769,0.7059820948620834,True
235,agonist,0,1,False,0.3646297747010762,0.5957522746333997,0.04676947336237629,0.023610621160960715,39.67349594523296,0.9430542676314878,0.7160206015771625,0.5942287302513272,True
238,stay,0,1,False,0.3266069116337883,0.666525829147716,0.0471236276267415,0.07417788231995581,12.315086420494803,0.9526531851890863,0.6193985303258278,0.5153190185799932,True
241,give,0,1,False,0.3238789660926524,0.6356094766578143,0.040879646466558145,0.08687473571286558,10.391214913815613,0.9350571126587421,0.7950112761891871,0.7032434522411439,True
244,head,0,0,True,0.3185814597290063,0.6708305097373054,0.038681025555707876,0.0468929160465828,19.90079457735216,0.9158409932738761,0.8397053241054057,0.7340503059668647,True
247,break,1,1,True,0.3615279319660361,0.6149574051251785,0.05437269298294618,0.06100633629892007,15.143511449771527,0.9128012556862618,0.7880733576936,0.6715211647843825,True
250,meet,1,None,False,0.287394403644888,0.6919786871471318,0.042215269131840136,0.053367739230893795,17.411653935964917,0.9427651851810878,0.6129954076566027,0.7073168682193792,False
253,stick,1,1,True,0.3620678840840932,0.5808320617304601,0.045140828390972644,0.0687781975961242,13.345455091772104,0.9538740740302076,0.7141461760722144,0.5527888483056709,True
256,support,0,1,False,0.29602928819445673,0.6957135012169433,0.03190160450089974,0.16336727762756106,5.09001995073594,0.9363161882067245,0.6784646833054055,0.41698616211017475,True
259,run,0,1,False,0.3464951431382281,0.6293638101480675,0.05491893138275281,0.0910009478962946,9.880322680243992,0.9450414031279042,0.6004038967451438,0.6652767999170808,True
262,see,1,0,False,0.3144917454225477,0.6711441832289392,0.04021132866291261,0.07761950025908261,11.732210160345788,0.9722336176410526,0.7857793854603294,0.2973341248166511,True
265,trend,1,1,True,0.37364489693394776,0.5715535387517424,0.05271148862421162,0.030144526765079477,31.14047872842821,0.9267713155546862,0.8303660047719021,0.7103428529874884,True
268,make,1,1,True,0.33149953739620164,0.6556073670367892,0.0424896923750673,0.06744615212394817,13.624635117359166,0.9346671219809878,0.7570112237765515,0.45830614236777806,True
271,mark,0,1,False,0.3216889781873124,0.6629312111104706,0.040685101747119486,0.06091078245547979,15.168427538770356,0.9427086271616499,0.6193042336858028,0.6201313585628224,True
274,charge,0,0,True,0.3222244035973117,0.6502032302479913,0.04146569553350004,0.0968994297796335,9.224778655536591,0.9374468893620453,0.5570500336629812,0.4404790581372522,True
277,length,0,0,True,0.3450540120973348,0.6159196136894801,0.036264450250788643,0.12030890185717162,7.251661540705162,0.9415509128586826,0.6811645361564036,0.5711712815869738,True
280,match,0,1,False,0.34648902699561107,0.6186145711863157,0.043025128918018546,0.061241923117113455,15.08240796346433,0.9312092456956746,0.6518872262177579,0.3676243246610238,True
283,head,1,1,True,0.3544200102650235,0.6084552829434678,0.04494796211499461,0.07454817296295843,12.249824062466663,0.9271264843434466,0.8089694012676099,0.6911282519972103,True
286,break,1,1,True,0.35251204015548687,0.6255945659743856,0.04270658039234239,0.08495952228146085,10.645015856677098,0.9309722219864401,0.6740656123406104,0.5764151519335627,True
289,make,1,1,True,0.34620578783509626,0.6291034644084113,0.04355612414603786,0.039755033144383806,23.561383533997727,0.9323867761803354,0.6971426887304809,0.49976236988950073,True
292,keep,0,1,False,0.3292760368908874,0.6286669722904985,0.047964370340757394,0.06751077765384887,13.610839845630693,0.9408347613061636,0.6465312577420872,0.5818985307006203,True
295,wall,1,1,True,0.33509522378127315,0.6235242554361932,0.05045749586369656,0.10265323531240038,8.657199767890381,0.9268873627288171,0.7689136746594261,0.4947404304449302,True
298,trial,0,0,True,0.32494846690274537,0.6470271530342732,0.030989849797016827,0.06883343421210382,13.334108171734485,0.9254552723480982,0.7921659533790453,0.6190285947209294,True
301,day,1,1,True,0.27827574912742975,0.6983142270463907,0.032167705501417225,0.11725398392687139,7.4648310928705905,0.9051021540897967,0.49983374462022706,0.35886166871894787,True
304,refine,1,1,True,0.33097558233590274,0.6349885935392134,0.05009714064140348,0.0,1000.0,0.9167939223143887,0.8374765682281883,0.7958268290009133,True
307,vote,0,1,False,0.3348085854053415,0.6458130577186064,0.041394846604425696,0.08619574539480218,10.479917918789539,0.9243906295721297,0.7673861030876612,0.69691370623716,True
310,sale,1,1,True,0.3645076481213827,0.5974093602136921,0.060166162339479946,0.06013486627405388,15.373635226627336,0.932862639456381,0.7233042922614762,0.8305520699941155,True
313,time,1,1,True,0.3190295804943439,0.6667917890759401,0.04501969648844623,0.05444595785830501,17.053615424195698,0.9611429405894777,0.4320529878620606,0.5479988250846369,True
316,apply,1,1,True,0.351069420494196,0.6100032962651109,0.05009716751302035,0.15884471019727375,5.262327972972062,0.9183484651722704,0.7194812172161303,0.7062267210140392,True
319,pain,0,0,True,0.3522198772661244,0.6249430062945628,0.044905182377469814,0.08476155911542706,10.671896014072544,0.9438767748459707,0.8062467977969461,0.6597774385148786,True
322,quality,0,1,False,0.30811952462339987,0.6692441295675217,0.04105708805619565,0.16866795005419283,4.899758909565864,0.9371418679439595,0.7448027010854972,0.35490708339286886,True
325,cover,1,1,True,0.3445818291569628,0.613779309380239,0.051685402329492,0.1614905492231611,5.160358277977433,0.9543636457521436,0.7235939090859448,0.7951286611186111,True
328,drop,1,1,True,0.3376930432498315,0.6412981768587398,0.04615000275609615,0.060241597360952547,15.345099460750422,0.9270903368880308,0.7528643461237814,0.6231791001827527,True
331,finish,1,1,True,0.36385344961399646,0.5845451312183335,0.05617143414226945,0.05835973201431216,15.863283677875264,0.9259568209561355,0.7251419388086041,0.44745668441250397,True
334,bankruptcy,1,1,True,0.3554040120354371,0.6105238939683315,0.04135549668060283,0.14002701093955544,6.097931051158926,0.9293358109920625,0.7523977109910681,0.5901708979882314,True
337,take,1,1,True,0.34574621359298624,0.631004075589384,0.05206101667205343,0.08493225006405766,10.648711621699778,0.9614384507994801,0.7112006428003004,0.7207514032673146,True
340,color,0,1,False,0.28856351859731744,0.7262121881907374,0.031170249837691687,0.06630264163022943,13.873116058350881,0.9528149261282141,0.6668770511026593,0.44924675633142896,True
343,passing,0,0,True,0.3192192840560322,0.6756992893728577,0.030523216315169615,0.10307179098376684,8.618360465768639,0.9468946748561183,0.7403068935882158,0.44481613609178977,True
346,grater,1,1,True,0.3467788549183808,0.6237682635321075,0.05457747387585493,0.0,1000.0,0.9441487025760954,0.6936078972031997,0.6119414891695261,True
349,place,0,0,True,0.35240603087306394,0.6148278855881912,0.0428214579643271,0.17205919662697097,4.784147965032191,0.9332668963548674,0.7028177004548676,0.6505666909929498,True
352,transplant,1,1,True,0.3725026490220223,0.6008982181020501,0.061207899320589135,0.06853911156690201,13.394776945589252,0.9502862299199707,0.7552917668738096,0.6685167533552999,True
355,beat,0,0,True,0.3607780715850217,0.5849715761181354,0.06037577314155653,0.16060157142880493,5.194246696672748,0.9133742747085494,0.6051225327334622,0.6890449957183267,True
358,drive,1,1,True,0.36659469392826133,0.5860553083387591,0.0630474348260966,0.09470445758189708,9.459282935106918,0.9387258647573887,0.6586325564391756,0.7774538311089326,True
361,see,1,1,True,0.3579518793510932,0.5974613282083246,0.059623134851528356,0.08041266765295856,11.295383861722943,0.9497690004801808,0.7251094196688819,0.7891792949249412,True
364,crunch,1,1,True,0.34686387650031536,0.6152304791266257,0.05422865125510999,0.11457517539666442,7.661029469040196,0.9543472990274765,0.7779407071283303,0.7437243002043631,True
367,krona,1,1,True,0.3402694690996389,0.6357260990631004,0.05321761308958629,0.0,1000.0,0.9435192621129936,0.7723836592816279,0.5733707571501737,True
370,development,1,1,True,0.35119825841137325,0.5832108690275923,0.050415586192765045,0.07359620815940505,12.418912632408306,0.943095844785222,0.6367177555832646,0.527208275990567,True
373,head,0,0,True,0.28273770138779547,0.713845479544019,0.029358592221182495,0.13930051861147225,6.134684959875474,0.9262987303245009,0.7316278040642994,0.40589462262073944,True
376,sense,1,0,False,0.30485569910031113,0.6849378930799278,0.03674562391534446,0.104219175976306,8.513474998373036,0.9488569646823322,0.8089911297908311,0.43952249246396463,True
379,thought,1,1,True,0.34062963918661365,0.6349642818611794,0.051986559753827113,0.15608270025849508,5.372439475211184,0.9383076469662862,0.7176909612794683,0.7093981860942618,True
382,break,1,1,True,0.30842919627021015,0.6661238801804789,0.03234560896873865,0.09407791217390851,9.528207625857991,0.9293563989210616,0.6396104990803555,0.5053810667003391,True
385,point,0,1,False,0.3383908631552099,0.6335037604078583,0.052566528315953764,0.10050579848094965,8.861505598499036,0.9508277902401758,0.7113966198107577,0.6933921816232208,True
388,play,1,1,True,0.3574663861820529,0.6042646404444695,0.05409630333699483,0.057207199576821764,16.19718535297136,0.9288938420483062,0.8429271488034827,0.7734048699927646,True
391,get,0,1,False,0.30587354992675725,0.6775605509560665,0.03830382047466571,0.04982797954469654,18.693877446372856,0.9303016112056981,0.7925726934714074,0.7049587697765468,True
394,torrent,0,1,False,0.3299460763744272,0.6488557356281138,0.04822744521459872,0.06335762477939473,14.553712608742645,0.9237255872466353,0.7579521466442364,0.7581509793306195,True
397,period,1,1,True,0.32269365364299724,0.6547858097928818,0.02707575506924489,0.10140626236179784,8.774792838972104,0.9516333076989147,0.7676894463990525,0.287242721913823,True
400,call,0,1,False,0.3435268818205339,0.625011705794487,0.04842954818009926,0.0799884118387164,11.359792929307368,0.9381806370755806,0.7438056233019553,0.7997648874783965,True
403,evil,1,1,True,0.33358557966549257,0.6350254531947475,0.0475267969288057,0.08232719903677424,11.012884287136968,0.9386335744886476,0.6536394810144034,0.6195709560834194,True
406,have,0,0,True,0.344641542792159,0.6140318934530389,0.043809885909587086,0.13298494192551638,6.470988796311651,0.9541510210475799,0.7783718228225177,0.7171137077448464,True
409,answer,1,1,True,0.2940845420545588,0.691399924897945,0.04883766666464583,0.09944085490724039,8.966064117280245,0.9333749481746637,0.7487755570284512,0.7456152599153997,True
412,coverage,1,1,True,0.33764711318135865,0.6574076801032297,0.058713044385386444,0.04425232286732637,21.12041143025509,0.9190872479864493,0.500714498826407,0.48149640241542535,True
415,raise,0,1,False,0.32406808496557116,0.6563814378457256,0.03520867967649211,0.07750696035848001,11.750461811656116,0.9273035317304567,0.7876912175325514,0.4981955054794209,True
418,cup,0,0,True,0.3670258240669042,0.58862228354178,0.04064043478578156,0.15549587339856838,5.396334793126609,0.9373494861598134,0.5832752867577684,0.6016283317918053,True
421,dig,1,1,True,0.3203287946303243,0.6659342016791335,0.04547170082070387,0.0330985840661048,28.356057660911187,0.9394553656358492,0.7245187160116185,0.6940852304281314,True
424,inspect,1,1,True,0.32608408482177537,0.6544259843502013,0.03903487186567431,0.03312862543750632,28.33021729319141,0.9427060068126887,0.7035845666545187,0.716499249093292,True
427,look,1,1,True,0.3549832193048446,0.6084255860232985,0.0638855038235378,0.08395834204411465,10.782244991083164,0.9298944696136017,0.6943731714917978,0.3624306924357601,True
430,appear,1,1,True,0.342667846249395,0.6204048145584433,0.0423244412357253,0.03823578460316248,24.512424694046196,0.9334323818123672,0.7202270210524915,0.6109222644029112,True
433,beat,0,0,True,0.3564642917319202,0.5961620910011135,0.042856559316147354,0.16695670797707746,4.959869135662121,0.9256278735498851,0.6823652715088065,0.6464573289658723,True
436,head,1,1,True,0.3250928513844058,0.6457301750151322,0.04359087687731922,0.06591418640893583,13.95945858001682,0.9233106223414889,0.7924294176952608,0.7713194350067559,True
439,unit,0,1,False,0.3115063878171102,0.6549491589034927,0.032323067507264006,0.08966577986338183,10.040549163183062,0.9319622301607149,0.765688022270229,0.45012978560210154,True
442,choke,0,1,False,0.3289092103122813,0.648451422373675,0.04291902247238131,0.0,1000.0,0.9344715385774438,0.7589918361121845,0.6080670020864117,True
445,carry,1,1,True,0.33028319521302535,0.6368808703632467,0.0466355470229115,0.04258524190234138,21.966489488411597,0.9480399490713034,0.6875172959298519,0.5996519431619153,True
448,trim,0,1,False,0.3257256202597488,0.6629625568146545,0.03989684754806977,0.0,1000.0,0.9483338905935565,0.7693074438763452,0.566792867647113,True
451,costume,1,1,True,0.3417570612451424,0.6300704758504693,0.048633585748216294,0.056147058359028564,16.516212185606815,0.944685545803939,0.7106655473802317,0.6145644020983811,True
454,portfolio,1,1,True,0.3487368503759248,0.6220811948277192,0.05341082571558522,0.08699082079748141,10.37618664001202,0.952143209078606,0.6832026872502538,0.8242953128226777,True
457,submission,1,0,False,0.34672914236835145,0.6105149451760217,0.03705729102246393,0.10508154371503547,8.436137191677417,0.9462344520546581,0.7386681858513141,0.6182065271185309,True
460,rig,0,0,True,0.3082313028074086,0.6732471675227408,0.03339107453389671,0.19704532894064009,4.054398431684438,0.9464558200861384,0.7857717500479898,0.6027847905249294,True
463,translate,0,0,True,0.2873180231200573,0.7388905570233275,0.026746289473170422,0.018985267539251872,49.08689516084763,0.9327335811152782,0.6338379264864669,0.30060262646543845,True
466,ghost,1,1,True,0.29578613361004513,0.7128706280355621,0.0393405964413051,0.0700701912399455,13.084667320233422,0.9405372780991309,0.632394409752662,0.3388396665342192,True
469,head,0,1,False,0.2967937549370777,0.6769208250303073,0.03408587921572757,0.16039224059823073,5.202280830166338,0.9303049117327161,0.7192758117532266,0.3036583770758675,True
472,focus,0,1,False,0.3006756171447216,0.6918055520629511,0.03851217246654459,0.08200954828407805,11.058853718542647,0.9299110766466533,0.750375619662256,0.5866245648300173,True
475,room,1,1,True,0.35439846922442486,0.6176148655581202,0.05939375973830663,0.05915226699700332,15.641101823308972,0.9381443436412514,0.7382375502863003,0.7412951500528212,True
478,drive,0,1,False,0.33594461895721495,0.6368234462160167,0.038979711682637946,0.06689100149041151,13.744222032744279,0.9338724772302535,0.6587433733498316,0.724747963154395,True
481,section,0,0,True,0.38265327354296186,0.5567289675990742,0.06111955976660284,0.15888845908944882,5.260614466488763,0.9164507935511429,0.7189883354540006,0.8231660426286446,True
484,commission,1,1,True,0.34214247404078524,0.629247366344119,0.047832254571032316,0.09993745261649487,8.917032519170391,0.9400440682991251,0.7714443110412781,0.7182950401469753,True
487,pay,0,1,False,0.33611892866398024,0.6549765313426398,0.04982044537578772,0.09678609816983345,9.236628914894201,0.9343703480161816,0.7798660308812281,0.7508018474468284,True
490,night,0,0,True,0.23803127536914168,0.7772691576806089,0.019703596839955394,0.060784011773204465,15.201602506396819,0.9606925339572756,0.3227870192636177,-0.039352008496722546,True
493,get,0,1,False,0.3069718848817323,0.7049746520289002,0.03137639705266926,0.1310695682122367,6.5793387799329075,0.9648629827434965,0.7161498565973747,0.21744997193967508,True
496,catch,1,0,False,0.39273977216028627,0.5526165908462044,0.08018391969130009,0.20113401276231946,3.952160135350561,0.9178452464828353,0.5964774160735385,0.47492551139656103,True
499,tape,1,1,True,0.3681982363304129,0.5864714041652958,0.05122006212326007,0.07249860990996052,12.61930519810205,0.9304575215167924,0.7071389441612009,0.5885189367021342,True
2,patch,1,1,True,0.34375097764793305,0.6402459460710629,0.04424900276575057,0.07385215069571097,12.373029240926773,0.9445926758513314,0.6979365908468023,0.5883823985202151,True
5,blow,0,1,False,0.3458974281090643,0.6227436256135236,0.04488167219527767,0.08468771499460244,10.681954642658566,0.9523457335059695,0.7416339309037389,0.5181119757727972,True
8,compass,1,1,True,0.324105613083825,0.6590340070255918,0.04175697516096801,0.1245959961148582,6.969999291096671,0.951129052195664,0.6455146695387289,0.717195917238782,True
11,prise,1,1,True,0.2884807069249538,0.706095917025751,0.0316329921234637,0.02622610342942705,35.7661866338934,0.923285188478998,0.6574496195837386,0.3833196995167008,True
14,development,1,1,True,0.2963985771912458,0.6994156498423965,0.04253519891781329,0.08707966960772602,10.364711112769614,0.9465574584638976,0.7922917115825577,0.3540608793711189,True
17,head,1,1,True,0.30590324509256356,0.6996085297447255,0.04058066358278125,0.11208526483384629,7.851727954749431,0.9615990655889836,0.7099139028649583,0.6457490244015041,True
20,point,0,0,True,0.320270746265726,0.6422842335050315,0.027631559160680837,0.22842772342137532,3.363029825133761,0.9152963812490947,0.7375147811171332,0.4236428563373811,True
23,edge,1,0,False,0.3516124864362103,0.6187480837778603,0.045732954177593786,0.17877415865281976,4.568097258812004,0.9201918570504143,0.5713518998387904,0.7829759593530263,True
26,interest,1,1,True,0.3680018685782617,0.5660618770799303,0.05788587706249515,0.15842829778821998,5.278684611747533,0.9376213452907863,0.7332922407375295,0.40980101915103456,True
29,fall,0,1,False,0.3357113820450236,0.6471181687557609,0.041095266098019965,0.09869447511083901,9.040676766562052,0.9452007800999386,0.747084624274194,0.5481854944980386,True
32,time,1,1,True,0.3915309322888484,0.5287621651250467,0.07664290073593241,0.06966704164623354,13.16501917557422,0.9459317569234826,0.6528457911046377,0.5816975653973507,True
35,fix,0,1,False,0.3366639375990387,0.617486506492039,0.04592593880842064,0.09385719323115778,9.552705239345002,0.945870311420169,0.6561738419616381,0.5975536564375513,True
38,scene,0,1,False,0.3334161799962146,0.603925183147374,0.04488289028298224,0.12250963019684342,7.1046311806185205,0.9367848733535797,0.7215138513580674,0.4788371427254421,True
41,block,0,1,False,0.35971451744797667,0.5979041442572828,0.0479141041746813,0.21765826835221774,3.5779197262624227,0.908124491497983,0.6858155887649047,0.842342877241015,True
44,spot,1,1,True,0.3288578476251777,0.6337751007544634,0.04994433597700691,0.08532946840465228,10.595113679004843,0.9460287662848139,0.8085847001538112,0.41470368240417343,True
47,run,0,1,False,0.3201775649479302,0.6686144938467705,0.040276401572091884,0.06557449026435046,14.035789174281053,0.9138858206296485,0.7780141050464912,0.5631514507016251,True
50,term,1,1,True,0.31747289610236756,0.6545003305467773,0.042873198761169316,0.06729999560498152,13.65593066490609,0.9621053543796412,0.733708312672286,0.5236668163224398,True
53,feel,0,1,False,0.35063020222446967,0.6167140447710225,0.04732468119621062,0.1410143183231099,6.048585042830205,0.9265493273367721,0.6578921636201116,0.7306073619169728,True
56,support,1,1,True,0.3432141747006382,0.6176376509171864,0.058138387065100126,0.08268206934263543,10.961941283997353,0.9258016345678903,0.7152080912746391,0.675894634474295,True
59,case,0,0,True,0.28168459414465746,0.7237787856284488,0.03160106788267131,0.09124765516011675,9.851224329361404,0.9572538367795982,0.6540778740903136,0.3109212909441152,True
62,washout,0,1,False,0.34436917342151196,0.6584754371709038,0.05830654980111161,0.0,1000.0,0.9439424639749078,0.6933105634174891,0.6084362215607084,True
65,beat,0,0,True,0.35534299009659087,0.5860907239388098,0.042647691438594815,0.1538886188938877,5.462708539520085,0.9384225531724498,0.8072031180177794,0.5548930001298962,True
68,order,1,1,True,0.32060463724268595,0.6635344334499674,0.04668716212604373,0.0402560352105131,23.263116775334712,0.9627767538234554,0.7612520800323332,0.24577762024875305,True
71,develop,0,0,True,0.33751454314270884,0.6199424875754956,0.03929811890842635,0.20186975849938357,3.934200185401421,0.924370433822455,0.6912176758787898,0.5860962124163686,True
74,scale,1,1,True,0.32225527257546405,0.6581604770741492,0.0408589350548711,0.13847466352128285,6.17693073944756,0.9536491010612688,0.6964205330479124,0.670722374488298,True
77,weakness,1,0,False,0.31533238708005606,0.6674270773205325,0.027904921512981243,0.11067924970357482,7.963169099514091,0.9070130408475666,0.5945203123627032,0.490142994770597,True
80,raise,0,1,False,0.3802219066884495,0.5690301220352616,0.0641898773295342,0.09939448150260245,8.970667560786714,0.9292064641185662,0.807180057953447,0.531450591422265,True
83,open,0,1,False,0.35288062685953814,0.5971128319641088,0.05466982179111699,0.04931061303676316,18.89639838553638,0.9453609025977456,0.6281805101886592,0.7238156453605641,True
86,hyponym,1,1,True,0.3550859892594295,0.6111556374445568,0.05696441609775295,0.0,1000.0,0.9257089664480708,0.6125554346477179,0.6382250956979231,True
89,stretch,1,1,True,0.3655244456887198,0.6028834123302504,0.06481471352117768,0.054153956266443766,17.149196680728753,0.9282897573800183,0.698068148567857,0.6239928425224511,True
92,wash,1,1,True,0.37069146175996065,0.6008106114118714,0.050339048125253055,0.08479414194250245,10.667463271220202,0.9451199292025858,0.7593725982398873,0.5489880606198965,True
95,connection,0,1,False,0.31890698482225566,0.6910850894757694,0.034105136536369984,0.11487524606164591,7.638600857576307,0.947212680969926,0.6279295745274072,0.6085183609899929,True
98,lift,0,1,False,0.29787766856227105,0.6885187586461566,0.03933019026885626,0.0968329225866127,9.231729498971088,0.9476858816437903,0.7669275472798944,0.7924086658651583,True
101,tell,1,1,True,0.37912431192324003,0.5542034657802914,0.06719015528806611,0.08371707306831329,10.815800094897327,0.919647295381571,0.7878459821660221,0.3659062456833178,True
104,cut,0,None,False,0.34755967098456414,0.6275176722856115,0.05302409637226665,0.07312758806353718,12.503744370341716,0.9578856972408578,0.7382087485661768,-0.07756947445646462,False
107,lie,0,0,True,0.3288821964189045,0.6384344692700349,0.04095337535094244,0.1303058297620975,6.623423893772513,0.9195615755115801,0.6928045114569152,0.555880507641567,True
110,inventory,1,1,True,0.3296627678185663,0.6289727161125492,0.03635323307851876,0.1192538328341074,7.324059004263921,0.9376773834624484,0.6771005422989647,0.5449427026732911,True
113,point,0,1,False,0.35409634498493653,0.6006205950410466,0.040733902914696765,0.08671634775109355,10.411783842624942,0.9412270793729821,0.7433221830061484,0.7130487082632977,True
116,love,1,1,True,0.32784772380759986,0.6518236810726484,0.052515950010413155,0.11703370566845832,7.480628430083199,0.9375682870809694,0.7200249184605443,0.6009132524740844,True
119,case,1,1,True,0.30458892714605484,0.6735975625534951,0.043301597407697595,0.07588267023730882,12.019839151141309,0.932812436338982,0.7161553646861896,0.46603335786753575,True
122,end,0,1,False,0.3208891657888384,0.6727709596457715,0.03137518064437311,0.07464980211551316,12.23202403717497,0.9553770156924065,0.6505104181792222,0.6050920713902797,True
125,trombone,1,1,True,0.28110782971384923,0.7158540278711871,0.02773153425366874,0.0,1000.0,0.9701376135431119,0.7062011622834853,-0.06837117883700936,True
128,get,0,1,False,0.33756744231017255,0.640144762336755,0.0571517339353502,0.10600649820675913,8.3545720752945,0.9639355695158173,0.7957694916374872,0.5869744906428657,True
131,unionize,1,1,True,0.3888438074707617,0.5500699572307834,0.05315070467316463,0.0,1000.0,0.9325679895772518,0.6607223244140522,0.7813113441244738,True
134,softness,0,0,True,0.31961138484857576,0.6448652168867325,0.029209598382656007,0.0,1000.0,0.9595540515859888,0.710093869551122,0.11137904480416717,True
137,boy,1,1,True,0.3691833279055706,0.5895002543827199,0.04995900680060201,0.08888506468694424,10.136444118790235,0.9487723155566742,0.73000603456751,0.7907869866278742,True
140,light,0,1,False,0.3385824409548835,0.6405053802908508,0.03832830901644015,0.06910225837172908,13.27914054768433,0.9399734169458382,0.7392828493982344,0.6408649849691639,True
143,turn,0,0,True,0.2529892422356196,0.7789639919224207,0.02061708968423798,0.09467127300194704,9.46291084659894,0.9483721433376849,0.6346747734957779,0.04360008990053097,True
146,habit,0,0,True,0.3192957540765418,0.6630813256958228,0.043676150711976905,0.07781895023945773,11.699991524359165,0.9579600556626554,0.5676228943349495,0.3733050799248048,True
149,spot,0,1,False,0.362021363608138,0.6048773842860159,0.061986245007425965,0.0828852150128584,10.932972930290052,0.9604294114545241,0.7172557957733307,0.6081627701389202,True
152,persuasion,1,1,True,0.3652663338358477,0.593578777196398,0.05043366702840434,0.1008004762591508,8.832959891580277,0.9499708420285601,0.7463598784997445,0.7186249923870266,True
155,work,1,1,True,0.32756724853480634,0.6606802411483734,0.03943247918715755,0.0426292738510187,21.943311030527905,0.9464312554846701,0.7286701519182291,0.5532116995520877,True
158,consider,0,1,False,0.3058636160495734,0.682140271662798,0.035858654221667556,0.10210765836872289,8.708299226623184,0.9314459843619326,0.7038991778520046,0.5619325008519727,True
161,civilization,0,0,True,0.33089483636061423,0.6627294813865192,0.03515051043373001,0.05645109995428264,16.42351322771117,0.9271725528996049,0.7568239306402785,0.7112152307421886,True
164,narrowness,1,1,True,0.3402850305356246,0.6408627823626324,0.04574299065633598,0.0,1000.0,0.9621411003913785,0.7056963822672339,0.6630368455027796,True
167,search,1,1,True,0.3282414729017087,0.6329391927753183,0.04754254245687548,0.09448857672829458,9.482929312563414,0.9399890072770005,0.7680374015229045,0.6128471956324401,True
170,education,1,1,True,0.33877042602988033,0.6319943833327177,0.05554895639529624,0.07807284563434988,11.659213058157066,0.9352591884806505,0.762310889465976,0.4683972486492077,True
173,gravitation,1,1,True,0.3485229085950303,0.6293707309836757,0.05004571479163739,0.0,1000.0,0.9159314641170166,0.7041514408903052,0.5971956853568188,True
176,mine,1,1,True,0.3532766798576726,0.6140635237737659,0.044440498826847696,0.0759185267721305,12.013769790020046,0.9302578639522201,0.5915093835091021,0.5229105570872761,True
179,life,0,1,False,0.32882914308424294,0.6382394526037507,0.04101413247701154,0.07162887832882596,12.782396520953968,0.9564447368083049,0.7537662111357779,0.416901811308637,True
182,give,1,1,True,0.3101839258587629,0.6807618482671327,0.03719020731524618,0.09572447832673724,9.348983187261055,0.9355067523128243,0.7792979387737633,0.606249879659172,True
185,burn,1,1,True,0.349030504146601,0.6154265401350657,0.043281068329889684,0.07576077743623777,12.040514093691824,0.9441337342348833,0.7037949045866312,0.4579726969748257,True
188,see,0,1,False,0.36935307301524856,0.5775108479854537,0.05242993594355677,0.043774963183929996,21.356243954640814,0.9458338609093092,0.7853187777638906,0.11933747705604986,True
191,light,0,1,False,0.3262658623247298,0.6526715606458697,0.035697636536252055,0.19002269737717747,4.2402149783463114,0.9376878777102658,0.7076730749399573,0.5499160127759409,True
194,unit,1,1,True,0.3460648469079187,0.6267730362932089,0.057391949816211124,0.10661851121455124,8.301373794368692,0.9589888488579775,0.7586681042268743,0.5929329942745241,True
197,loss,0,1,False,0.0,0.0,0.0,0.0,1000.0,-0.0,0.0,0.0,True
200,leave,0,0,True,0.33684702475189243,0.6079633555461738,0.03458474283545283,0.15766720416472058,5.308802157759145,0.9345212512998408,0.7339980075667728,0.4836018935644634,True
203,field,0,1,False,0.3160846840168714,0.6421289691882555,0.04596490582272358,0.033617305334181606,27.916173293580965,0.9361353085662182,0.4610287722085774,0.6642161210964383,True
206,turn,0,0,True,0.32550143475209253,0.6413895984963998,0.042491057658309156,0.025696893414588008,36.49499930403972,0.9148385886919762,0.8078949394855987,0.7109267303202507,True
209,fall,1,1,True,0.33387580000463535,0.6532590138810113,0.045017860443353264,0.04412785604320351,21.181421582307937,0.9450748568085834,0.7520936297416211,0.5604301623073678,True
212,presence,0,1,False,0.3069141340861733,0.6814756959953232,0.03855396692047136,0.041931749717493284,22.316077415594485,0.9432560599815579,0.6372249175916633,0.5898973827052534,True
215,shtik,0,1,False,0.3594265014091301,0.5918291057170209,0.05160795514395839,0.0,1000.0,0.9238735481672783,0.582668118866687,0.47510068728837845,True
218,par,0,1,False,0.3654536120701811,0.5894918634495323,0.04672566098450197,0.08504286259977845,10.633736602373077,0.9336678411388741,0.8052425569893796,0.7554018696036172,True
221,case,0,1,False,0.3467865655902889,0.6281046078387175,0.04240599057732659,0.08103033782145498,11.20280236049679,0.9369157523068308,0.5641531952274198,0.5687726349338832,True
224,krona,1,1,True,0.3440335288802923,0.6455277847255765,0.04208366432450058,0.0,1000.0,0.9034579131829266,0.7795178529991444,0.4604685826804055,True
227,humor,1,1,True,0.33549846486434615,0.6550445845076358,0.03267546274352562,0.13796792998211424,6.20310074510596,0.9470180462715557,0.7364690179071831,0.34533876508118555,True
230,home,1,1,True,0.34116764479835004,0.6246793371973256,0.04047024890080944,0.09482878109014826,9.445713580123043,0.9474790350385685,0.7659782626837396,0.6319913462235801,True
233,grip,1,1,True,0.31868531938359757,0.6639120482026717,0.03908691861569784,0.03102242557176627,30.259343479669695,0.9452777240825814,0.7176954197715976,0.5370328919796982,True
236,stretch,0,1,False,0.3654052892004503,0.5984385719897675,0.049033351264882334,0.04642646508208172,20.106359039569018,0.9423884595901961,0.7324806571345298,0.40488156848349177,True
239,end,0,0,True,0.325192653976025,0.6361631288878145,0.0476381231139963,0.07734931015899374,11.776117593998944,0.9374919628754901,0.5677540452897691,0.5184261759163049,True
242,cuddle,1,1,True,0.34918318690836386,0.6254539329909468,0.04915006023896,0.0,1000.0,0.9585720882705018,0.6554135864273141,0.5772849667592965,True
245,keep,1,0,False,0.3593293334515056,0.5987521278148453,0.05289040530728551,0.08418499118734553,10.750896326308494,0.938174335706578,0.8671131932708526,0.8436077818703576,True
248,quality,1,1,True,0.30371761518128015,0.6823042000913356,0.02873278981986482,0.06438176134817226,14.310080049227409,0.9024056008572456,0.7495534433589875,0.5321240880546455,True
251,play,1,1,True,0.32137396227948917,0.6704850771809211,0.04733361492284812,0.09976214371348545,8.934286460263465,0.9371577232219943,0.8345821182719853,0.45894774072390265,True
254,edge,1,0,False,0.35989442272637057,0.5988210769033926,0.0466179924696171,0.15399928938031351,5.458094124185948,0.9229090023626706,0.6588923760740647,0.7692459971665057,True
257,bit,0,0,True,0.31521529293242617,0.6596758216166244,0.026772805422200622,0.10670645299871641,8.293779268842224,0.9492095010994382,0.7888112214472266,0.6186959002228759,True
260,strike,0,0,True,0.3083648086249686,0.6911214926842915,0.035184814596597724,0.05729955338322,16.169942853938082,0.9278963242636232,0.5683797149186515,0.6447787774009751,True
263,round,0,0,True,0.33132927241950927,0.6176275304663783,0.03526827782772344,0.0728788231580934,12.549214202532148,0.9370660946891255,0.8181989135396942,0.5744126448529263,True
266,flatten,1,1,True,0.3195762751353264,0.6664243705019732,0.04133164435164263,0.0,1000.0,0.9382311760284946,0.6663277694733488,0.5640515814752864,True
269,refill,1,1,True,0.34857904834373094,0.6131195585198344,0.05895929864265178,0.08312525062447279,10.898924431956463,0.933551366407807,0.7261027677856484,0.7214651890836512,True
272,control,1,1,True,0.3219025001658761,0.656946817240753,0.0375034439765871,0.06830860914217884,13.44265023334346,0.938439256416662,0.6636483998542403,0.21477936377040047,True
275,rest,0,1,False,0.3035006485138257,0.6824264009770148,0.041740348931650816,0.07635558399453769,11.940242298095553,0.915104073338788,0.8283880642739849,0.5846353416159541,True
278,stuff,0,0,True,0.33858135798911776,0.6320785098167382,0.040633296971202784,0.06564543701655609,14.019782971058184,0.9161763168443023,0.7892277221809076,0.6663539595827976,True
281,danger,1,1,True,0.3475150539727781,0.6172038603733857,0.057438770411994015,0.21257390324411496,3.6869022141523398,0.9286294676654752,0.545518987939562,0.8074353212369487,True
284,move,0,0,True,0.34543972677547824,0.6352462657076529,0.04493240803284646,0.07567308813939559,12.05542823813397,0.9440545643782982,0.6142083222499946,0.5946452867272036,True
287,hold,0,0,True,0.3635658402372093,0.615937306477789,0.0488785646439651,0.14348713074841582,5.927952647512693,0.958395365093763,0.8062404654825582,0.6806415457798699,True
290,hold,0,1,False,0.32103681001674417,0.6629330554452196,0.04069818149952133,0.10321700345376454,8.604958565557776,0.9477534441858652,0.7234385837785464,0.6776044520110674,True
293,take,1,1,True,0.33892963072889787,0.6428851115233298,0.03520132324683839,0.05615318400808882,16.51433480693446,0.9575875903568433,0.7304128689822759,0.578004388417261,True
296,forbid,1,1,True,0.3638061008627933,0.5875073524437864,0.04785935632308584,0.0601151289133759,15.378923153689318,0.9376231873041382,0.7745677767340922,0.6428488994989775,True
299,marriage,1,1,True,0.35850662790928356,0.5868746048510807,0.040518488646353,0.17785797548322252,4.5966193137073565,0.9532461332836001,0.6878303587412165,0.725962117102861,True
302,come,0,1,False,0.3206312719470712,0.6400735518475932,0.04666161018490437,0.07945031122819352,11.44246274151396,0.8710761398824697,0.7157238087595295,0.7298391607074319,True
305,have,1,1,True,0.3010725956168032,0.6831016555281563,0.043502839564148583,0.073822900209183,12.378257153912719,0.9515206703125759,0.6804726610304177,0.7827750002014568,True
308,advance,0,1,False,0.34590981927715564,0.6042313831637114,0.04640643811791577,0.06107395107985817,15.125926940146165,0.9359291576043856,0.7363431779561537,0.6664296350180344,True
311,voice,0,0,True,0.30836253531796287,0.6543958281939876,0.03587999335697256,0.09472292126165771,9.457265478388148,0.948743258096807,0.6128242962618976,0.35643247487356444,True
314,get,1,1,True,0.3332406591716585,0.6568433616051856,0.05248951063960549,0.09576400622104358,9.344755649258238,0.9390940102565849,0.7993616399157053,0.4189637100954745,True
317,office,0,1,False,0.3544758509419767,0.6067717120416631,0.04432008275246142,0.0845580427774685,10.69965987421595,0.9444813295922017,0.7571665029582335,0.6846475711636696,True
320,side,0,1,False,0.33100398072009535,0.6535180818890396,0.05626875667067961,0.11682412941292278,7.495713102126361,0.9405908708208679,0.5784075544022861,0.5563355421069005,True
323,reticulation,1,1,True,0.35269027813971565,0.6188577743318672,0.049598847965026546,0.0,1000.0,0.9220345301330165,0.8032492080572854,0.6743936599869879,True
326,field,1,1,True,0.35423670320778505,0.5906575600151782,0.04191283889536954,0.1311418867242398,6.57519076512761,0.9269554396707411,0.6185001554056604,0.4552767356181129,True
329,altitude,1,1,True,0.32585544058314897,0.64179529441576,0.055090422086284695,0.05395294615122487,17.215583878712355,0.9430168477152194,0.5976221741481178,0.4927383753040029,True
332,tea,1,1,True,0.35203238771235895,0.6259942588942942,0.047737071418686,0.05469585905743988,16.972610835711418,0.9441293196229302,0.8045791807274387,0.6007644261957374,True
335,check,0,1,False,0.3206317180639192,0.648903851318308,0.04603975852632971,0.13869194906857782,6.165767294925402,0.9261732369663167,0.6345309614722708,0.6623102871206905,True
338,know,1,1,True,0.3715703223468615,0.5959309309467166,0.07836407541232014,0.06662018394126547,13.803272361244437,0.9444526151013415,0.7974293825380542,0.6422416783463781,True
341,keep,0,0,True,0.33033829531323955,0.6493897805586712,0.03534208076099213,0.104439940701535,8.49355617368464,0.962182914690441,0.6818449980841357,0.4058027025318029,True
344,sale,1,1,True,0.3584909509578857,0.5968848332093256,0.06113170850251267,0.05494582257009151,16.892309988755656,0.9059725991299934,0.7388108087038583,0.8471408707538354,True
347,see,0,1,False,0.29239322234360254,0.6836052186598369,0.02996139412668227,0.14186034617999949,6.006842883740264,0.9330342363595666,0.7399356629671642,0.18795188087213943,True
350,piece,0,0,True,0.34271905345701253,0.6314515809690624,0.04112442648915364,0.10907936355653378,8.093439202943006,0.9324689857113302,0.76166683241799,0.5365019610405263,True
353,touch,0,0,True,0.32802295893191025,0.6465397744594404,0.033375976515224566,0.11008827094318752,8.010852284413797,0.9623180973885656,0.6879299299481226,0.5437307087079104,True
356,step,0,0,True,0.34322642537030223,0.6328460357225857,0.04123634407456671,0.13994640957585663,6.10199006141598,0.9506182642353129,0.6747607830972537,0.44254870801158086,True
359,life,0,1,False,0.34259573918421815,0.6333808289571581,0.04737674661084057,0.11640977379412117,7.5256956695552475,0.9527886647447215,0.7726504469481901,0.7556392095342628,True
362,draw,0,0,True,0.3219660446461325,0.6606838219135205,0.03327788856267449,0.09396531076280289,9.540691037174842,0.9411136383035129,0.8067157730456838,0.6451510717655556,True
365,trail,0,1,False,0.33505446303708764,0.6373436713325593,0.03992569011003265,0.07100914834279916,12.901011510853385,0.9257552070819697,0.777346411173895,0.7595711479771091,True
368,mouth,0,1,False,0.3769033960684488,0.5739287554416524,0.045854009212111455,0.11429005680060494,7.682448667114783,0.9402366845354181,0.7803406794387842,0.6562525525590278,True
371,quarter,0,None,False,0.3280890612725494,0.6625662274607889,0.032750355595917525,0.15938561200963244,5.24120821972411,0.9463566981296211,0.7290880828228831,0.4321550247822538,False
374,classify,1,1,True,0.3484814939816394,0.6158060585029027,0.06656830503248633,0.05023967594696963,18.53564267338424,0.9444062669520438,0.6765648247178572,0.5279516277529391,True
377,system,1,1,True,0.3128028243428848,0.6907365159432177,0.03126582190628077,0.08136494223070793,11.153228945346113,0.945917066069474,0.7464731710585019,0.5842156242827866,True
380,fool,1,1,True,0.36507056183130987,0.5878414180811311,0.04761762050250846,0.03686969795294054,25.43274317222996,0.9257045013007698,0.7697229515670424,0.6563311218185117,True
383,create,1,1,True,0.36938263159612716,0.6061503719071876,0.06261763800982427,0.051925965015562875,17.913212063410768,0.9424401017714734,0.7449017655318502,0.7377858917743895,True
386,hit,1,1,True,0.33369869166785626,0.6689308830138854,0.04056577308638302,0.07750576721343369,11.750655595512882,0.9340637058828595,0.8206128147754566,0.7291235024031292,True
389,background,0,1,False,0.3411772542197731,0.6284119657910269,0.03702510566898315,0.207411641180777,3.8029946615684915,0.9089259270417798,0.5843722559843127,0.45616071794448987,True
392,serve,1,1,True,0.34389255323787876,0.6122148733997507,0.04241578094601185,0.04879245958047686,19.103445550468095,0.9422700767009937,0.6751282716024974,0.5778018153065619,True
395,break,0,0,True,0.28963606929873864,0.6900578901729615,0.035318771349342415,0.0675035957383791,13.612371645758596,0.9195837223330723,0.825700748422903,0.6977791438198797,True
398,melt,1,1,True,0.3784959812063538,0.5557707866671786,0.04657131610113201,0.04740747722161872,19.678623581584926,0.9304889844100849,0.8123474603289792,0.639970634897549,True
401,direction,0,1,False,0.3024243475400724,0.6745314843832876,0.032005281423833146,0.21494059404393542,3.6355341589749255,0.9445946962691691,0.6633675051727791,0.3896775292209206,True
404,draw,1,1,True,0.33452549314613045,0.6310052561732908,0.035306408025520646,0.13967259025046674,6.115814091556324,0.9418267306628948,0.6727090329978044,0.42333130178702544,True
407,fish,1,1,True,0.3582292658559884,0.6033713922574402,0.05459573912177767,0.09690011307993415,9.22470729101913,0.941976167397585,0.7848629310977412,0.7943335312196315,True
410,work,0,0,True,0.36947178501325056,0.5749969462249798,0.050680841834068985,0.10365345735691835,8.564901392470114,0.9260372578555942,0.6995413252960213,0.5251142821591341,True
413,life,0,0,True,0.32121994485397953,0.6745727596188685,0.04056507116317074,0.07051642233834825,12.996785175637175,0.9410178635662653,0.5418329598481882,0.3116659020688151,True
416,give,0,0,True,0.3524281320059762,0.6196748208936985,0.044976108132266955,0.08763186157585383,10.29390697884997,0.9453890038977985,0.8391054779176315,0.7545450382299845,True
419,camp,1,1,True,0.36220115139088227,0.5899023253516782,0.060038510065669494,0.039722296866467915,23.58112820311608,0.9202217793752836,0.7334770629095473,0.6518169788251841,True
422,drop,0,1,False,0.3155199836937065,0.6946693745119923,0.038063878900040135,0.07573618148278798,12.044693919575938,0.9318077420129522,0.7993738071768485,0.6308799036977313,True
425,read,1,None,False,0.32809903668632395,0.647130874869205,0.056691427247106956,0.06944819564576361,13.209022542370748,0.9562385529507987,0.7248072137444219,0.7504541711248098,False
428,blow,0,0,True,0.3563433552193106,0.5942892641333951,0.048236409472252884,0.07978070008488936,11.39157371684186,0.9386304661848984,0.5814991562999412,0.6016747060693627,True
431,demand,0,0,True,0.3258198726740387,0.6562344981650885,0.03356602165494168,0.0459096902840391,20.338874632062698,0.9521951736589563,0.7009263973210133,0.4931496242314067,True
434,spread,1,1,True,0.37416469166540667,0.5650599805470536,0.06203599117656982,0.11493464455036144,7.634174917103149,0.9392382208789318,0.7781669989379735,0.5504184777473891,True
437,block,0,1,False,0.377106575208436,0.5660547049618737,0.04767161272792699,0.16417355397564956,5.060292195126895,0.9406833489588456,0.6836620457204474,0.6149831414171836,True
440,stay,0,1,False,0.3254550998376661,0.6791445145739304,0.039824889654814205,0.03032321599662741,30.95712726649072,0.9566812891078159,0.7376801448694088,0.6111630907196205,True
443,leave,0,0,True,0.2932575482654394,0.6917635776904868,0.045832497134043894,0.10618123906570949,8.339321029740269,0.9340539356497984,0.6024474299187452,0.2758195611502544,True
446,stretch,0,0,True,0.2825448439973073,0.7038602878679511,0.027925624783261178,0.025004879371030124,37.49277613320256,0.8842171487023939,0.7514291485607323,0.69497616994228,True
449,floor,1,1,True,0.3235572034264893,0.6397766572004869,0.04633260663767561,0.05342836318386474,17.391146480347324,0.9212010646033991,0.6571837308464326,0.5409086518040364,True
452,blow,0,None,False,0.32362208550805405,0.6580704399713404,0.04424826301720437,0.07882674096843541,11.539657611674377,0.9050816081040853,0.6752857495827584,0.6795968527054742,False
455,constriction,1,1,True,0.36072454158745265,0.6268850611511226,0.04297459802542206,0.0,1000.0,0.9354886954799416,0.6633684010373905,0.6001110930302531,True
458,stick,0,0,True,0.3313450822180782,0.6667525479547382,0.039520997650149714,0.08326235498124578,10.879563539646998,0.9271623507225605,0.5435307260537373,0.42147871799653497,True
461,blend,1,0,False,0.26609650163714876,0.7206769572559089,0.021677768908999532,0.0871596860624546,10.354396149855454,0.9142756563525105,0.5879249208518761,0.5059888409579082,True
464,respect,0,1,False,0.33212196085854856,0.6527687709151823,0.03950805141498007,0.03628440102192897,25.847688914494235,0.9264179141745902,0.7659693067379757,0.4278933041912943,True
467,reach,0,0,True,0.318183799158032,0.6509767960657377,0.032222723108092155,0.0926131405914288,9.692943252153334,0.9453367562390806,0.72026659889479,0.44337960164169854,True
470,catch,0,0,True,0.3618064598783607,0.6144241296812059,0.05440287716039648,0.18751798024943483,4.309838343671736,0.9125783580670098,0.6441247598676594,0.4137888813238667,True
473,commercialization,1,1,True,0.3435608212595747,0.6172464669377606,0.047516330135777884,0.0,1000.0,0.9161505070617096,0.7473930355711463,0.6418308292258194,True
476,make,0,1,False,0.34079320487654,0.6379257449354725,0.05653181659914604,0.09468658608146319,9.461236428142543,0.9546135133460594,0.7796456121928604,0.6595659549003643,True
479,position,1,1,True,0.3325995477621862,0.640867378880031,0.03790115707368801,0.10891118716948622,8.107353180131055,0.9326944000152398,0.8042717693273085,0.6672821014155473,True
482,spring,1,1,True,0.32288283005884305,0.6587330228666916,0.05495371553348602,0.08249083412575035,10.98934003333032,0.9436566193104732,0.6898262887227079,0.3960985868110012,True
485,block,0,1,False,0.3470084829483145,0.5964631504023236,0.07371590560067777,0.23900324904926182,3.1707768705853643,0.9257602697292784,0.7606510215586869,0.8203987403201367,True
488,carnival,1,1,True,0.36420541283952307,0.5981630015571742,0.05699861293754818,0.0,1000.0,0.9425350086070674,0.6967923528073738,0.7280258677151259,True
491,worry,1,0,False,0.36686233605980817,0.5714844432018154,0.04075849304146508,0.10261007118411616,8.661222973403934,0.931001650832541,0.7122905823678249,0.5644775753775967,True
494,charge,0,0,True,0.2877070671883503,0.6908081953065371,0.024104322919333097,0.07422817169080327,12.30618540238129,0.9637506696135694,0.7772398465848429,0.5087037193794166,True
497,drive,1,1,True,0.33889499058230227,0.6464633878781718,0.04392062204272325,0.08200075863383548,11.060130732250196,0.9310788137568824,0.7784655938799728,0.7190877589494407,True
